att_id,emp_id,date,time_in,time_out,status
10,1,12-07-2025,6:35:35,23:38:31,On Time
11,1,15-07-2025,10:15:41,9:18:46,Late
12,1,24-06-2025,0:13:30,5:18:42,On Time
13,1,17-07-2025,22:52:32,8:36:44,Late
14,1,17-07-2025,10:31:19,13:23:47,Late
20,2,30-06-2025,7:28:56,14:13:54,On Time
21,2,12-07-2025,6:39:09,20:44:55,On Time
22,2,06-07-2025,7:21:33,13:41:36,On Time
23,2,12-07-2025,11:43:50,11:26:33,Late
24,2,22-06-2025,21:16:35,19:08:09,Late
30,3,18-06-2025,17:17:14,2:53:42,Late
31,3,09-07-2025,3:52:18,18:55:53,On Time
32,3,10-07-2025,5:54:07,3:57:34,On Time
33,3,11-07-2025,22:38:00,19:39:19,Late
34,3,20-06-2025,6:23:50,13:09:51,On Time
40,4,14-07-2025,14:46:34,18:46:53,Late
41,4,09-07-2025,1:15:04,6:24:41,On Time
42,4,29-06-2025,7:26:09,10:13:37,On Time
43,4,10-07-2025,5:14:33,13:20:48,On Time
44,4,07-07-2025,11:35:24,23:37:34,Late
50,5,03-07-2025,4:09:17,14:25:04,On Time
51,5,21-06-2025,21:46:12,12:56:54,Late
52,5,16-07-2025,0:23:06,0:49:51,On Time
53,5,23-06-2025,3:24:49,7:56:08,On Time
54,5,05-07-2025,9:13:34,5:04:47,On Time
60,6,08-07-2025,3:09:55,12:37:29,On Time
61,6,08-07-2025,1:57:51,17:57:09,On Time
62,6,14-07-2025,19:46:37,1:06:09,Late
63,6,25-06-2025,18:05:42,2:44:16,Late
64,6,18-06-2025,16:29:25,22:57:46,Late
70,7,19-06-2025,19:49:21,13:11:11,Late
71,7,28-06-2025,12:02:49,22:01:13,Late
72,7,01-07-2025,8:14:24,20:30:27,On Time
73,7,06-07-2025,9:50:48,0:05:30,Late
74,7,26-06-2025,2:52:18,16:14:03,On Time
80,8,12-07-2025,4:50:26,0:18:52,On Time
81,8,16-07-2025,21:43:39,6:34:11,Late
82,8,29-06-2025,14:08:21,14:49:37,Late
83,8,24-06-2025,1:32:11,10:12:26,On Time
84,8,19-06-2025,11:09:47,12:19:39,Late
90,9,09-07-2025,21:52:52,4:39:40,Late
91,9,19-06-2025,20:21:40,10:47:43,Late
92,9,17-07-2025,13:59:36,13:35:14,Late
93,9,04-07-2025,4:32:13,22:37:45,On Time
94,9,02-07-2025,11:02:58,14:08:10,Late
100,10,05-07-2025,1:59:55,20:57:37,On Time
101,10,14-07-2025,21:04:58,1:18:42,Late
102,10,03-07-2025,20:20:31,2:04:52,Late
103,10,28-06-2025,1:18:53,5:36:35,On Time
104,10,27-06-2025,15:48:06,11:50:27,Late
110,11,12-07-2025,2:55:12,11:14:48,On Time
111,11,18-06-2025,22:05:15,0:29:14,Late
112,11,13-07-2025,13:02:15,8:22:16,Late
113,11,27-06-2025,1:04:25,21:02:38,On Time
114,11,12-07-2025,6:44:14,16:30:16,On Time
120,12,21-06-2025,13:22:37,5:58:40,Late
121,12,10-07-2025,3:07:13,19:10:09,On Time
122,12,19-06-2025,12:38:24,8:42:20,Late
123,12,05-07-2025,7:44:05,10:32:53,On Time
124,12,25-06-2025,2:36:23,17:08:35,On Time
130,13,14-07-2025,13:01:38,16:15:32,Late
131,13,10-07-2025,7:39:22,23:12:33,On Time
132,13,22-06-2025,21:28:50,21:44:32,Late
133,13,21-06-2025,4:09:03,3:46:55,On Time
134,13,24-06-2025,19:48:31,17:46:34,Late
140,14,15-07-2025,12:47:15,12:06:07,Late
141,14,25-06-2025,7:40:23,17:53:47,On Time
142,14,23-06-2025,3:23:13,20:39:48,On Time
143,14,05-07-2025,2:24:29,15:52:03,On Time
144,14,09-07-2025,6:52:08,0:46:03,On Time
150,15,29-06-2025,17:51:01,17:32:57,Late
151,15,12-07-2025,0:43:46,22:09:52,On Time
152,15,04-07-2025,12:02:06,10:19:03,Late
153,15,04-07-2025,2:40:22,20:41:49,On Time
154,15,26-06-2025,7:20:58,3:34:28,On Time
160,16,04-07-2025,4:23:51,14:54:36,On Time
161,16,25-06-2025,13:14:11,21:23:19,Late
162,16,05-07-2025,2:24:40,23:11:59,On Time
163,16,10-07-2025,5:13:39,13:16:37,On Time
164,16,17-07-2025,8:59:35,17:40:42,On Time
170,17,20-06-2025,16:02:13,20:26:34,Late
171,17,07-07-2025,14:20:00,14:11:02,Late
172,17,07-07-2025,4:16:23,19:35:05,On Time
173,17,09-07-2025,14:46:57,14:02:55,Late
174,17,23-06-2025,14:32:34,0:23:26,Late
180,18,25-06-2025,9:10:57,4:47:33,On Time
181,18,26-06-2025,18:47:32,22:54:44,Late
182,18,05-07-2025,20:13:09,3:08:04,Late
183,18,13-07-2025,7:39:56,16:44:59,On Time
184,18,24-06-2025,0:41:46,19:29:00,On Time
190,19,03-07-2025,12:41:32,19:58:15,Late
191,19,29-06-2025,6:32:37,17:59:31,On Time
192,19,27-06-2025,2:14:57,23:19:35,On Time
193,19,23-06-2025,0:07:50,5:12:13,On Time
194,19,16-07-2025,21:00:20,7:08:26,Late
200,20,29-06-2025,18:38:35,1:24:45,Late
201,20,11-07-2025,22:46:23,8:26:05,Late
202,20,13-07-2025,18:27:44,17:20:21,Late
203,20,12-07-2025,4:29:02,8:27:49,On Time
204,20,10-07-2025,10:25:57,8:47:38,Late
210,21,22-06-2025,7:44:27,0:51:44,On Time
211,21,24-06-2025,13:56:03,21:58:22,Late
212,21,22-06-2025,4:36:45,9:38:49,On Time
213,21,05-07-2025,15:46:23,3:22:25,Late
214,21,17-07-2025,6:51:29,10:43:10,On Time
220,22,03-07-2025,16:01:22,5:56:56,Late
221,22,10-07-2025,5:22:32,17:17:27,On Time
222,22,11-07-2025,13:17:21,5:44:04,Late
223,22,20-06-2025,13:15:35,11:30:32,Late
224,22,07-07-2025,7:15:37,9:19:05,On Time
230,23,14-07-2025,6:58:33,12:40:48,On Time
231,23,17-07-2025,13:31:10,8:57:46,Late
232,23,13-07-2025,4:31:42,9:15:37,On Time
233,23,09-07-2025,14:38:08,13:13:46,Late
234,23,13-07-2025,12:08:05,12:29:06,Late
240,24,11-07-2025,13:15:36,16:12:58,Late
241,24,04-07-2025,8:32:55,12:35:59,On Time
242,24,07-07-2025,0:30:36,8:04:31,On Time
243,24,11-07-2025,2:14:00,15:24:40,On Time
244,24,26-06-2025,7:13:29,8:55:18,On Time
250,25,21-06-2025,6:06:34,7:09:34,On Time
251,25,29-06-2025,23:25:16,2:39:05,Late
252,25,07-07-2025,6:56:55,20:26:56,On Time
253,25,04-07-2025,21:18:48,4:09:39,Late
254,25,03-07-2025,23:23:22,22:54:06,Late
260,26,25-06-2025,11:38:13,10:38:05,Late
261,26,13-07-2025,1:18:42,11:53:04,On Time
262,26,13-07-2025,19:29:09,12:12:48,Late
263,26,24-06-2025,4:04:17,4:33:08,On Time
264,26,20-06-2025,16:39:55,5:52:07,Late
270,27,11-07-2025,1:06:07,0:02:15,On Time
271,27,01-07-2025,2:53:07,3:24:03,On Time
272,27,14-07-2025,6:38:39,1:09:50,On Time
273,27,19-06-2025,23:23:53,11:47:10,Late
274,27,14-07-2025,0:52:30,2:44:18,On Time
280,28,21-06-2025,5:40:26,17:38:27,On Time
281,28,18-06-2025,0:04:57,15:46:00,On Time
282,28,25-06-2025,18:03:27,20:23:51,Late
283,28,07-07-2025,0:36:08,11:17:59,On Time
284,28,06-07-2025,23:20:33,3:25:37,Late
290,29,28-06-2025,3:18:34,4:50:30,On Time
291,29,07-07-2025,0:06:06,11:40:40,On Time
292,29,04-07-2025,0:35:48,9:47:27,On Time
293,29,30-06-2025,4:28:13,18:51:28,On Time
294,29,01-07-2025,17:42:26,5:19:25,Late
300,30,19-06-2025,12:27:01,16:42:45,Late
301,30,03-07-2025,19:40:42,19:05:38,Late
302,30,04-07-2025,8:49:36,5:06:57,On Time
303,30,03-07-2025,20:26:05,17:09:45,Late
304,30,14-07-2025,14:46:04,17:31:41,Late
310,31,08-07-2025,6:54:56,10:30:30,On Time
311,31,27-06-2025,15:09:03,17:22:56,Late
312,31,01-07-2025,0:13:19,9:24:11,On Time
313,31,26-06-2025,14:04:22,15:46:21,Late
314,31,13-07-2025,18:43:02,10:49:18,Late
320,32,17-07-2025,13:23:27,18:04:08,Late
321,32,20-06-2025,2:19:51,14:30:04,On Time
322,32,12-07-2025,5:35:44,12:16:36,On Time
323,32,30-06-2025,7:41:18,5:52:44,On Time
324,32,03-07-2025,21:16:12,10:54:00,Late
330,33,29-06-2025,3:38:18,14:18:27,On Time
331,33,10-07-2025,8:17:54,9:30:15,On Time
332,33,13-07-2025,22:54:19,11:44:24,Late
333,33,03-07-2025,17:20:05,12:55:41,Late
334,33,11-07-2025,6:20:13,1:16:34,On Time
340,34,10-07-2025,0:29:44,5:34:09,On Time
341,34,15-07-2025,5:25:25,18:26:46,On Time
342,34,13-07-2025,19:48:44,23:20:41,Late
343,34,11-07-2025,17:33:15,15:43:13,Late
344,34,17-07-2025,4:36:13,0:54:33,On Time
350,35,11-07-2025,10:52:51,19:32:47,Late
351,35,09-07-2025,18:14:00,19:41:42,Late
352,35,24-06-2025,17:54:57,8:22:47,Late
353,35,01-07-2025,0:54:10,1:06:49,On Time
354,35,26-06-2025,7:39:44,6:17:14,On Time
360,36,02-07-2025,8:43:37,18:23:00,On Time
361,36,14-07-2025,8:50:10,2:25:01,On Time
362,36,03-07-2025,2:35:07,4:44:52,On Time
363,36,30-06-2025,7:51:43,4:02:21,On Time
364,36,28-06-2025,6:32:08,19:24:12,On Time
370,37,08-07-2025,13:54:20,10:03:11,Late
371,37,07-07-2025,14:46:16,8:55:01,Late
372,37,25-06-2025,17:05:16,4:31:39,Late
373,37,26-06-2025,17:24:27,0:08:47,Late
374,37,13-07-2025,12:31:30,17:36:02,Late
380,38,05-07-2025,4:56:16,1:54:14,On Time
381,38,30-06-2025,10:03:44,13:20:23,Late
382,38,27-06-2025,5:55:32,19:53:54,On Time
383,38,28-06-2025,19:53:05,21:24:37,Late
384,38,20-06-2025,8:54:15,20:21:43,On Time
390,39,25-06-2025,21:02:46,12:46:53,Late
391,39,21-06-2025,13:49:06,7:30:23,Late
392,39,29-06-2025,17:35:49,16:51:55,Late
393,39,06-07-2025,1:53:16,5:05:34,On Time
394,39,04-07-2025,19:20:26,18:39:12,Late
400,40,01-07-2025,2:47:12,22:45:25,On Time
401,40,09-07-2025,20:13:48,3:55:26,Late
402,40,15-07-2025,5:36:57,19:53:23,On Time
403,40,23-06-2025,2:11:31,17:58:22,On Time
404,40,17-07-2025,10:09:37,21:46:36,Late
410,41,15-07-2025,9:15:17,8:04:04,Late
411,41,29-06-2025,11:08:56,17:33:07,Late
412,41,08-07-2025,15:48:05,14:26:06,Late
413,41,20-06-2025,12:48:25,17:40:34,Late
414,41,17-07-2025,16:27:33,21:34:52,Late
420,42,24-06-2025,3:12:28,21:07:58,On Time
421,42,09-07-2025,6:30:55,13:22:15,On Time
422,42,26-06-2025,7:30:06,9:18:45,On Time
423,42,29-06-2025,0:06:34,12:19:56,On Time
424,42,18-06-2025,9:27:41,17:14:18,Late
430,43,21-06-2025,7:51:18,10:30:36,On Time
431,43,13-07-2025,17:40:17,6:40:01,Late
432,43,28-06-2025,21:38:50,11:46:25,Late
433,43,27-06-2025,0:27:01,5:42:35,On Time
434,43,16-07-2025,21:47:51,11:31:18,Late
440,44,14-07-2025,11:20:42,9:59:43,Late
441,44,02-07-2025,6:50:09,10:15:52,On Time
442,44,27-06-2025,12:41:24,10:18:34,Late
443,44,03-07-2025,2:00:11,7:39:33,On Time
444,44,20-06-2025,6:30:18,10:32:20,On Time
450,45,08-07-2025,8:58:24,7:40:27,On Time
451,45,30-06-2025,18:54:57,18:38:18,Late
452,45,14-07-2025,16:00:25,6:42:07,Late
453,45,16-07-2025,14:28:32,2:58:18,Late
454,45,20-06-2025,15:03:23,4:21:00,Late
460,46,11-07-2025,21:39:37,22:54:38,Late
461,46,11-07-2025,4:37:10,7:36:28,On Time
462,46,25-06-2025,9:51:47,11:10:00,Late
463,46,06-07-2025,20:07:57,3:40:03,Late
464,46,16-07-2025,14:22:36,2:44:44,Late
470,47,02-07-2025,12:42:02,12:00:15,Late
471,47,30-06-2025,14:11:30,22:32:00,Late
472,47,13-07-2025,0:40:59,12:46:56,On Time
473,47,07-07-2025,21:58:38,20:59:48,Late
474,47,18-06-2025,23:06:07,17:22:29,Late
480,48,13-07-2025,3:39:12,15:19:34,On Time
481,48,28-06-2025,18:55:12,14:24:23,Late
482,48,15-07-2025,19:01:30,16:30:28,Late
483,48,03-07-2025,6:51:39,11:11:55,On Time
484,48,28-06-2025,18:03:09,10:17:19,Late
490,49,25-06-2025,1:42:26,19:46:52,On Time
491,49,25-06-2025,23:52:11,1:21:33,Late
492,49,04-07-2025,19:25:20,23:12:19,Late
493,49,14-07-2025,7:04:14,1:17:49,On Time
494,49,29-06-2025,20:53:11,8:18:15,Late
500,50,14-07-2025,12:01:08,17:54:43,Late
501,50,14-07-2025,13:29:27,2:21:38,Late
502,50,30-06-2025,19:27:49,2:50:42,Late
503,50,18-06-2025,20:47:41,22:02:00,Late
504,50,24-06-2025,4:47:09,17:52:54,On Time
510,51,29-06-2025,10:40:26,10:12:00,Late
511,51,01-07-2025,1:12:57,16:33:54,On Time
512,51,01-07-2025,8:52:23,11:10:55,On Time
513,51,24-06-2025,21:02:58,5:22:32,Late
514,51,02-07-2025,13:14:00,2:41:14,Late
520,52,18-06-2025,0:03:15,15:18:33,On Time
521,52,28-06-2025,3:50:04,10:05:04,On Time
522,52,02-07-2025,14:44:25,14:55:43,Late
523,52,18-06-2025,8:55:33,19:18:27,On Time
524,52,02-07-2025,13:29:51,1:08:12,Late
530,53,04-07-2025,17:08:09,1:02:01,Late
531,53,03-07-2025,12:53:23,21:47:15,Late
532,53,18-06-2025,20:54:19,18:43:40,Late
533,53,11-07-2025,19:59:20,8:04:07,Late
534,53,19-06-2025,17:11:40,14:32:27,Late
540,54,17-07-2025,23:17:25,12:17:04,Late
541,54,03-07-2025,14:17:41,16:59:42,Late
542,54,13-07-2025,2:24:37,7:09:20,On Time
543,54,16-07-2025,18:21:18,23:38:28,Late
544,54,30-06-2025,18:44:52,0:25:29,Late
550,55,30-06-2025,2:08:54,13:13:22,On Time
551,55,26-06-2025,4:47:16,15:13:25,On Time
552,55,27-06-2025,23:09:53,4:19:18,Late
553,55,09-07-2025,2:37:11,17:56:55,On Time
554,55,11-07-2025,17:58:52,0:43:22,Late
560,56,17-07-2025,18:28:30,5:24:24,Late
561,56,03-07-2025,2:49:29,15:02:57,On Time
562,56,16-07-2025,6:13:36,15:36:09,On Time
563,56,04-07-2025,2:50:04,6:01:47,On Time
564,56,01-07-2025,5:33:12,7:49:42,On Time
570,57,26-06-2025,14:51:18,23:48:16,Late
571,57,05-07-2025,13:10:15,12:09:40,Late
572,57,08-07-2025,12:23:43,0:09:15,Late
573,57,07-07-2025,10:08:11,23:52:05,Late
574,57,01-07-2025,12:54:20,15:09:08,Late
580,58,23-06-2025,16:57:45,12:17:17,Late
581,58,10-07-2025,13:50:45,13:54:25,Late
582,58,06-07-2025,13:47:25,11:38:00,Late
583,58,22-06-2025,13:20:09,8:01:16,Late
584,58,07-07-2025,21:15:32,20:38:02,Late
590,59,26-06-2025,20:27:51,22:41:53,Late
591,59,12-07-2025,0:41:14,13:32:55,On Time
592,59,13-07-2025,20:22:14,8:43:55,Late
593,59,03-07-2025,22:55:20,2:03:38,Late
594,59,04-07-2025,5:37:14,13:09:35,On Time
600,60,26-06-2025,12:46:01,13:58:38,Late
601,60,19-06-2025,11:53:57,4:34:49,Late
602,60,26-06-2025,0:25:37,0:13:25,On Time
603,60,06-07-2025,3:08:31,11:29:45,On Time
604,60,04-07-2025,3:54:34,3:50:38,On Time
610,61,17-07-2025,10:11:24,20:12:45,Late
611,61,11-07-2025,8:20:45,14:37:27,On Time
612,61,25-06-2025,21:35:52,1:24:47,Late
613,61,01-07-2025,12:41:37,8:53:13,Late
614,61,01-07-2025,17:16:25,9:46:15,Late
620,62,24-06-2025,19:05:22,13:36:21,Late
621,62,05-07-2025,20:56:54,5:41:45,Late
622,62,14-07-2025,22:47:59,21:56:54,Late
623,62,27-06-2025,2:08:24,8:19:38,On Time
624,62,29-06-2025,4:55:06,2:58:23,On Time
630,63,17-07-2025,20:54:01,9:07:11,Late
631,63,05-07-2025,8:28:27,6:27:04,On Time
632,63,08-07-2025,9:00:23,9:46:51,On Time
633,63,24-06-2025,14:20:38,17:04:13,Late
634,63,11-07-2025,6:43:37,6:29:44,On Time
640,64,07-07-2025,20:41:51,10:29:29,Late
641,64,12-07-2025,22:32:52,7:12:19,Late
642,64,17-07-2025,20:22:48,8:11:37,Late
643,64,16-07-2025,23:14:53,20:46:59,Late
644,64,05-07-2025,15:57:48,8:54:12,Late
650,65,26-06-2025,11:27:54,14:04:22,Late
651,65,08-07-2025,17:51:21,1:55:44,Late
652,65,22-06-2025,11:11:57,9:09:03,Late
653,65,21-06-2025,16:28:17,2:28:47,Late
654,65,16-07-2025,14:54:19,13:42:41,Late
660,66,30-06-2025,6:04:21,15:31:15,On Time
661,66,15-07-2025,23:57:40,15:51:57,Late
662,66,11-07-2025,22:19:54,23:41:07,Late
663,66,08-07-2025,6:28:20,5:44:16,On Time
664,66,22-06-2025,1:36:34,4:28:05,On Time
670,67,08-07-2025,11:17:07,16:25:18,Late
671,67,02-07-2025,7:49:16,15:45:21,On Time
672,67,26-06-2025,5:10:50,20:10:18,On Time
673,67,21-06-2025,1:38:34,19:36:08,On Time
674,67,13-07-2025,5:15:23,6:12:13,On Time
680,68,14-07-2025,10:43:31,14:21:24,Late
681,68,29-06-2025,18:51:04,17:08:53,Late
682,68,26-06-2025,19:46:45,12:13:03,Late
683,68,13-07-2025,21:58:42,10:24:57,Late
684,68,04-07-2025,21:50:21,21:14:58,Late
690,69,28-06-2025,8:46:10,9:23:07,On Time
691,69,06-07-2025,3:37:55,12:11:35,On Time
692,69,07-07-2025,2:01:42,20:38:06,On Time
693,69,22-06-2025,16:18:21,7:18:41,Late
694,69,27-06-2025,18:35:24,18:32:10,Late
700,70,02-07-2025,3:22:26,2:30:59,On Time
701,70,07-07-2025,15:44:39,13:05:01,Late
702,70,26-06-2025,18:05:11,2:28:04,Late
703,70,07-07-2025,20:13:43,7:35:19,Late
704,70,25-06-2025,21:15:04,4:56:27,Late
710,71,24-06-2025,7:37:08,6:06:57,On Time
711,71,27-06-2025,20:41:55,7:30:09,Late
712,71,10-07-2025,16:57:05,21:05:26,Late
713,71,13-07-2025,21:45:22,8:20:26,Late
714,71,18-06-2025,12:34:34,8:56:49,Late
720,72,29-06-2025,9:22:46,13:37:58,Late
721,72,03-07-2025,3:14:45,2:10:24,On Time
722,72,30-06-2025,3:51:59,13:44:44,On Time
723,72,17-07-2025,17:00:14,5:55:15,Late
724,72,01-07-2025,10:22:44,16:34:51,Late
730,73,08-07-2025,5:18:56,18:05:34,On Time
731,73,10-07-2025,20:05:20,16:53:02,Late
732,73,04-07-2025,11:05:18,18:25:12,Late
733,73,21-06-2025,9:32:53,12:39:30,Late
734,73,18-06-2025,22:53:35,13:12:41,Late
740,74,19-06-2025,5:32:01,0:22:13,On Time
741,74,17-07-2025,16:50:14,13:59:37,Late
742,74,05-07-2025,9:42:25,10:36:04,Late
743,74,24-06-2025,5:19:07,8:13:23,On Time
744,74,21-06-2025,1:09:38,9:18:15,On Time
750,75,02-07-2025,23:31:34,18:38:36,Late
751,75,29-06-2025,19:22:05,3:08:22,Late
752,75,07-07-2025,7:17:44,8:37:15,On Time
753,75,17-07-2025,4:48:47,2:37:49,On Time
754,75,18-06-2025,14:30:15,23:17:59,Late
760,76,30-06-2025,2:43:41,10:08:08,On Time
761,76,29-06-2025,5:09:59,2:07:54,On Time
762,76,14-07-2025,23:11:14,16:07:40,Late
763,76,04-07-2025,9:22:00,0:28:23,Late
764,76,06-07-2025,21:33:00,23:06:51,Late
770,77,30-06-2025,7:55:31,5:55:51,On Time
771,77,04-07-2025,6:34:25,6:31:52,On Time
772,77,27-06-2025,9:44:43,1:33:35,Late
773,77,07-07-2025,20:34:39,0:48:00,Late
774,77,26-06-2025,6:45:05,1:31:10,On Time
780,78,21-06-2025,1:45:25,19:35:58,On Time
781,78,22-06-2025,20:46:10,15:07:23,Late
782,78,09-07-2025,20:20:55,11:43:35,Late
783,78,13-07-2025,2:14:57,10:09:43,On Time
784,78,24-06-2025,2:15:24,7:34:29,On Time
790,79,17-07-2025,22:20:59,5:53:54,Late
791,79,03-07-2025,16:27:03,11:45:14,Late
792,79,27-06-2025,12:54:11,8:52:29,Late
793,79,03-07-2025,20:25:13,21:53:23,Late
794,79,28-06-2025,0:29:55,13:26:56,On Time
800,80,05-07-2025,10:41:49,18:55:59,Late
801,80,28-06-2025,9:31:52,0:39:18,Late
802,80,03-07-2025,11:40:20,21:07:40,Late
803,80,18-06-2025,5:19:14,2:25:41,On Time
804,80,22-06-2025,22:42:29,4:52:37,Late
810,81,13-07-2025,11:42:21,19:17:54,Late
811,81,22-06-2025,1:57:05,1:46:15,On Time
812,81,09-07-2025,18:47:13,15:59:15,Late
813,81,23-06-2025,15:14:32,17:33:06,Late
814,81,22-06-2025,2:32:01,13:10:03,On Time
820,82,23-06-2025,7:20:46,21:11:01,On Time
821,82,17-07-2025,22:20:22,21:35:06,Late
822,82,10-07-2025,15:30:43,16:53:35,Late
823,82,01-07-2025,12:44:41,0:38:51,Late
824,82,06-07-2025,22:43:30,0:39:21,Late
830,83,29-06-2025,12:51:34,3:36:19,Late
831,83,12-07-2025,8:17:47,1:10:40,On Time
832,83,30-06-2025,3:24:33,7:38:41,On Time
833,83,04-07-2025,22:16:46,13:42:20,Late
834,83,30-06-2025,1:11:02,16:27:27,On Time
840,84,23-06-2025,2:12:39,16:21:38,On Time
841,84,12-07-2025,20:04:21,8:27:00,Late
842,84,08-07-2025,7:11:42,12:42:59,On Time
843,84,23-06-2025,23:16:46,18:52:33,Late
844,84,24-06-2025,8:55:26,7:45:23,On Time
850,85,13-07-2025,17:10:42,8:43:46,Late
851,85,25-06-2025,9:09:54,16:14:17,On Time
852,85,11-07-2025,22:07:29,15:09:16,Late
853,85,20-06-2025,15:01:46,12:54:07,Late
854,85,11-07-2025,16:27:11,22:10:43,Late
860,86,21-06-2025,1:02:01,16:32:51,On Time
861,86,14-07-2025,19:49:11,16:32:09,Late
862,86,11-07-2025,13:32:56,9:56:22,Late
863,86,14-07-2025,7:33:54,12:55:31,On Time
864,86,27-06-2025,16:31:38,14:12:38,Late
870,87,18-06-2025,20:55:53,5:34:44,Late
871,87,01-07-2025,8:00:52,13:47:51,On Time
872,87,24-06-2025,16:34:46,5:55:47,Late
873,87,15-07-2025,7:02:07,15:31:21,On Time
874,87,15-07-2025,5:50:27,4:35:26,On Time
880,88,19-06-2025,20:09:20,11:37:57,Late
881,88,02-07-2025,12:19:52,19:17:34,Late
882,88,06-07-2025,13:53:05,16:11:51,Late
883,88,26-06-2025,17:24:06,3:48:54,Late
884,88,24-06-2025,8:11:26,14:34:06,On Time
890,89,18-06-2025,3:56:10,12:24:14,On Time
891,89,19-06-2025,11:41:35,20:52:31,Late
892,89,01-07-2025,18:50:55,4:53:16,Late
893,89,23-06-2025,15:24:26,2:23:34,Late
894,89,23-06-2025,3:29:30,17:12:36,On Time
900,90,20-06-2025,2:33:43,14:44:15,On Time
901,90,18-06-2025,4:56:48,8:28:56,On Time
902,90,21-06-2025,14:25:00,21:01:55,Late
903,90,12-07-2025,2:47:15,0:50:57,On Time
904,90,07-07-2025,13:01:53,11:06:43,Late
910,91,26-06-2025,17:35:37,20:43:40,Late
911,91,14-07-2025,2:42:30,0:48:28,On Time
912,91,03-07-2025,22:29:39,15:17:19,Late
913,91,07-07-2025,17:00:10,6:58:18,Late
914,91,08-07-2025,6:20:28,2:39:57,On Time
920,92,21-06-2025,22:56:33,0:11:06,Late
921,92,25-06-2025,8:50:11,14:47:07,On Time
922,92,01-07-2025,17:38:28,5:56:58,Late
923,92,24-06-2025,20:20:01,23:45:11,Late
924,92,13-07-2025,19:50:30,9:30:00,Late
930,93,01-07-2025,11:28:55,18:07:29,Late
931,93,09-07-2025,12:24:12,17:05:23,Late
932,93,28-06-2025,4:34:47,16:42:32,On Time
933,93,13-07-2025,6:37:16,15:00:04,On Time
934,93,25-06-2025,6:13:03,2:11:10,On Time
940,94,23-06-2025,16:25:26,1:58:04,Late
941,94,09-07-2025,19:21:06,9:18:14,Late
942,94,30-06-2025,16:10:31,22:57:39,Late
943,94,10-07-2025,14:31:44,6:41:23,Late
944,94,02-07-2025,22:38:41,9:27:41,Late
950,95,06-07-2025,22:43:17,8:03:12,Late
951,95,14-07-2025,0:45:20,21:15:40,On Time
952,95,16-07-2025,20:16:23,10:55:34,Late
953,95,03-07-2025,20:09:59,1:26:05,Late
954,95,04-07-2025,12:13:00,14:00:55,Late
960,96,26-06-2025,16:56:07,8:49:53,Late
961,96,07-07-2025,11:30:12,11:07:04,Late
962,96,13-07-2025,17:12:19,10:31:04,Late
963,96,24-06-2025,10:16:19,15:49:31,Late
964,96,13-07-2025,13:39:06,20:03:40,Late
970,97,12-07-2025,14:09:44,20:16:47,Late
971,97,23-06-2025,9:22:31,16:06:27,Late
972,97,16-07-2025,4:15:55,19:41:21,On Time
973,97,18-06-2025,23:34:14,8:51:19,Late
974,97,01-07-2025,23:03:17,10:12:18,Late
980,98,07-07-2025,7:44:17,14:28:18,On Time
981,98,27-06-2025,3:35:32,10:30:00,On Time
982,98,11-07-2025,5:24:52,14:48:45,On Time
983,98,01-07-2025,11:39:38,20:21:58,Late
984,98,02-07-2025,21:51:25,22:52:07,Late
990,99,07-07-2025,11:22:08,2:10:31,Late
991,99,29-06-2025,4:12:08,16:41:29,On Time
992,99,10-07-2025,2:13:45,4:22:30,On Time
993,99,27-06-2025,17:36:43,22:16:54,Late
994,99,24-06-2025,4:28:36,20:56:56,On Time
1000,100,04-07-2025,9:35:34,11:02:38,Late
1001,100,20-06-2025,8:05:21,12:31:07,On Time
1002,100,28-06-2025,4:46:44,18:21:06,On Time
1003,100,24-06-2025,4:26:29,21:26:13,On Time
1004,100,26-06-2025,11:11:22,2:08:51,Late
1010,101,06-07-2025,2:08:50,19:28:04,On Time
1011,101,24-06-2025,10:35:52,22:30:04,Late
1012,101,17-07-2025,1:12:48,2:34:05,On Time
1013,101,21-06-2025,17:29:05,5:27:44,Late
1014,101,05-07-2025,22:39:40,7:22:37,Late
1020,102,06-07-2025,3:50:07,14:59:42,On Time
1021,102,29-06-2025,14:05:15,7:06:54,Late
1022,102,02-07-2025,13:50:37,6:19:26,Late
1023,102,25-06-2025,6:03:59,1:19:29,On Time
1024,102,22-06-2025,10:06:50,21:44:07,Late
1030,103,28-06-2025,11:24:12,1:06:06,Late
1031,103,29-06-2025,23:48:06,16:22:56,Late
1032,103,08-07-2025,12:28:15,23:24:24,Late
1033,103,09-07-2025,15:38:28,3:54:07,Late
1034,103,27-06-2025,7:57:46,11:13:31,On Time
1040,104,27-06-2025,2:49:45,3:32:07,On Time
1041,104,05-07-2025,6:45:25,15:36:05,On Time
1042,104,16-07-2025,3:21:42,4:58:35,On Time
1043,104,16-07-2025,11:46:27,2:47:35,Late
1044,104,14-07-2025,18:02:55,13:22:56,Late
1050,105,27-06-2025,8:12:20,13:48:47,On Time
1051,105,26-06-2025,19:11:51,15:18:16,Late
1052,105,28-06-2025,23:29:34,15:16:12,Late
1053,105,21-06-2025,22:58:40,6:18:05,Late
1054,105,21-06-2025,2:11:33,10:31:29,On Time
1060,106,23-06-2025,7:17:19,14:34:42,On Time
1061,106,10-07-2025,21:39:48,11:06:45,Late
1062,106,26-06-2025,3:03:46,23:08:10,On Time
1063,106,09-07-2025,0:15:16,1:02:55,On Time
1064,106,23-06-2025,4:09:27,7:24:11,On Time
1070,107,07-07-2025,4:59:06,16:11:40,On Time
1071,107,12-07-2025,9:43:12,5:44:24,Late
1072,107,11-07-2025,4:37:35,8:13:50,On Time
1073,107,04-07-2025,19:09:18,12:12:24,Late
1074,107,06-07-2025,19:19:29,9:03:05,Late
1080,108,09-07-2025,23:03:16,23:14:13,Late
1081,108,30-06-2025,6:44:04,21:07:14,On Time
1082,108,01-07-2025,21:43:43,0:31:27,Late
1083,108,01-07-2025,0:37:59,1:37:08,On Time
1084,108,05-07-2025,0:32:28,10:52:13,On Time
1090,109,16-07-2025,12:07:57,0:27:39,Late
1091,109,25-06-2025,9:31:27,8:06:51,Late
1092,109,29-06-2025,19:53:08,14:43:07,Late
1093,109,08-07-2025,20:42:51,11:18:42,Late
1094,109,18-06-2025,10:22:42,2:57:58,Late
1100,110,26-06-2025,10:54:26,1:41:24,Late
1101,110,22-06-2025,21:21:14,11:58:37,Late
1102,110,22-06-2025,2:44:46,21:22:45,On Time
1103,110,04-07-2025,3:11:31,13:36:48,On Time
1104,110,19-06-2025,5:06:31,0:05:53,On Time
1110,111,13-07-2025,1:39:28,7:41:32,On Time
1111,111,23-06-2025,16:24:16,11:34:29,Late
1112,111,27-06-2025,22:30:57,4:21:04,Late
1113,111,10-07-2025,4:38:09,10:43:56,On Time
1114,111,08-07-2025,20:30:14,2:32:20,Late
1120,112,22-06-2025,14:53:02,20:12:39,Late
1121,112,08-07-2025,9:53:36,20:48:34,Late
1122,112,14-07-2025,16:08:42,17:15:48,Late
1123,112,19-06-2025,22:16:03,4:17:16,Late
1124,112,09-07-2025,16:12:20,6:48:57,Late
1130,113,19-06-2025,10:49:02,15:24:04,Late
1131,113,24-06-2025,9:37:44,13:45:22,Late
1132,113,29-06-2025,14:05:20,1:41:43,Late
1133,113,28-06-2025,21:39:57,20:26:45,Late
1134,113,22-06-2025,20:36:40,11:58:12,Late
1140,114,11-07-2025,16:35:04,15:40:28,Late
1141,114,19-06-2025,8:52:38,19:07:25,On Time
1142,114,22-06-2025,20:27:32,14:03:49,Late
1143,114,20-06-2025,5:53:25,14:27:59,On Time
1144,114,07-07-2025,7:05:23,15:49:57,On Time
1150,115,16-07-2025,17:41:23,0:25:18,Late
1151,115,10-07-2025,2:20:58,2:25:27,On Time
1152,115,15-07-2025,11:28:21,6:07:24,Late
1153,115,10-07-2025,6:05:36,16:28:58,On Time
1154,115,23-06-2025,2:06:29,23:16:36,On Time
1160,116,06-07-2025,16:07:38,17:05:57,Late
1161,116,19-06-2025,7:56:19,11:14:33,On Time
1162,116,23-06-2025,13:36:02,14:48:30,Late
1163,116,26-06-2025,17:06:01,12:05:27,Late
1164,116,15-07-2025,11:09:23,1:04:12,Late
1170,117,13-07-2025,22:49:20,0:28:24,Late
1171,117,13-07-2025,6:51:02,17:01:22,On Time
1172,117,09-07-2025,7:36:27,8:52:26,On Time
1173,117,30-06-2025,6:38:48,12:25:32,On Time
1174,117,13-07-2025,1:55:49,21:09:57,On Time
1180,118,14-07-2025,1:40:02,6:39:59,On Time
1181,118,24-06-2025,23:52:07,5:01:46,Late
1182,118,15-07-2025,3:35:09,13:59:42,On Time
1183,118,06-07-2025,6:20:44,15:25:34,On Time
1184,118,02-07-2025,3:47:13,23:31:34,On Time
1190,119,16-07-2025,21:48:25,23:45:56,Late
1191,119,15-07-2025,11:32:47,15:18:32,Late
1192,119,09-07-2025,6:40:28,22:33:19,On Time
1193,119,30-06-2025,15:38:21,20:42:04,Late
1194,119,01-07-2025,19:14:50,17:36:49,Late
1200,120,19-06-2025,13:53:29,3:39:17,Late
1201,120,05-07-2025,9:02:48,18:07:26,On Time
1202,120,16-07-2025,8:18:36,3:09:35,On Time
1203,120,25-06-2025,4:04:18,7:22:35,On Time
1204,120,28-06-2025,12:35:56,6:52:57,Late
1210,121,18-06-2025,12:03:28,16:32:13,Late
1211,121,12-07-2025,21:11:25,4:27:41,Late
1212,121,02-07-2025,6:09:08,22:32:17,On Time
1213,121,25-06-2025,1:48:58,1:22:33,On Time
1214,121,24-06-2025,19:36:38,20:08:14,Late
1220,122,04-07-2025,14:14:49,11:56:18,Late
1221,122,18-06-2025,13:42:54,23:04:57,Late
1222,122,06-07-2025,12:46:14,1:10:21,Late
1223,122,14-07-2025,16:26:04,4:14:50,Late
1224,122,08-07-2025,9:30:37,5:11:18,Late
1230,123,01-07-2025,21:41:12,6:42:37,Late
1231,123,11-07-2025,13:36:52,17:35:17,Late
1232,123,29-06-2025,22:44:31,17:03:09,Late
1233,123,03-07-2025,3:21:48,17:55:14,On Time
1234,123,19-06-2025,10:18:51,8:24:36,Late
1240,124,04-07-2025,4:29:01,0:29:48,On Time
1241,124,01-07-2025,4:51:39,4:47:18,On Time
1242,124,27-06-2025,7:24:22,15:15:58,On Time
1243,124,16-07-2025,9:40:58,7:56:59,Late
1244,124,23-06-2025,12:42:39,23:05:27,Late
1250,125,04-07-2025,4:04:21,9:47:40,On Time
1251,125,27-06-2025,3:19:33,20:14:20,On Time
1252,125,27-06-2025,1:24:28,18:27:26,On Time
1253,125,30-06-2025,5:51:27,6:50:37,On Time
1254,125,21-06-2025,23:06:03,6:24:11,Late
1260,126,10-07-2025,7:37:31,4:41:27,On Time
1261,126,16-07-2025,6:13:48,9:56:13,On Time
1262,126,08-07-2025,15:54:44,0:40:39,Late
1263,126,17-07-2025,2:14:01,6:35:35,On Time
1264,126,25-06-2025,10:22:10,16:14:01,Late
1270,127,13-07-2025,2:24:01,11:42:47,On Time
1271,127,06-07-2025,22:20:27,17:28:25,Late
1272,127,21-06-2025,23:58:15,18:52:58,Late
1273,127,20-06-2025,19:48:19,19:36:45,Late
1274,127,15-07-2025,19:59:47,13:58:13,Late
1280,128,22-06-2025,14:23:53,2:36:15,Late
1281,128,20-06-2025,17:20:26,0:03:14,Late
1282,128,11-07-2025,20:15:10,7:31:10,Late
1283,128,26-06-2025,1:06:27,10:42:12,On Time
1284,128,27-06-2025,19:48:38,23:53:30,Late
1290,129,08-07-2025,20:00:29,6:20:20,Late
1291,129,09-07-2025,7:16:21,18:25:52,On Time
1292,129,05-07-2025,11:37:40,12:45:19,Late
1293,129,21-06-2025,19:15:48,3:58:34,Late
1294,129,02-07-2025,12:05:07,13:45:58,Late
1300,130,24-06-2025,23:32:33,5:11:43,Late
1301,130,20-06-2025,6:53:28,17:43:24,On Time
1302,130,25-06-2025,22:06:24,10:46:36,Late
1303,130,23-06-2025,11:59:00,2:14:16,Late
1304,130,22-06-2025,11:53:21,6:27:38,Late
1310,131,24-06-2025,14:55:38,7:06:59,Late
1311,131,26-06-2025,2:47:08,14:18:31,On Time
1312,131,04-07-2025,2:15:35,2:04:23,On Time
1313,131,15-07-2025,2:19:17,0:59:07,On Time
1314,131,10-07-2025,23:52:58,14:59:41,Late
1320,132,01-07-2025,8:27:30,10:16:44,On Time
1321,132,30-06-2025,3:10:06,19:54:40,On Time
1322,132,03-07-2025,10:17:23,11:34:43,Late
1323,132,27-06-2025,16:35:41,19:55:32,Late
1324,132,20-06-2025,4:00:20,3:24:08,On Time
1330,133,29-06-2025,1:29:24,3:36:26,On Time
1331,133,10-07-2025,0:18:37,7:50:12,On Time
1332,133,09-07-2025,17:00:55,17:46:11,Late
1333,133,10-07-2025,17:14:30,23:06:55,Late
1334,133,03-07-2025,11:55:10,7:41:48,Late
1340,134,01-07-2025,14:53:21,4:00:48,Late
1341,134,22-06-2025,15:17:10,10:25:16,Late
1342,134,21-06-2025,4:41:13,2:41:22,On Time
1343,134,28-06-2025,21:47:07,3:38:03,Late
1344,134,17-07-2025,22:09:17,17:03:40,Late
1350,135,25-06-2025,20:10:31,14:15:17,Late
1351,135,19-06-2025,14:18:24,3:43:20,Late
1352,135,05-07-2025,0:07:08,18:23:38,On Time
1353,135,11-07-2025,15:33:20,18:30:13,Late
1354,135,27-06-2025,8:06:39,11:32:26,On Time
1360,136,30-06-2025,1:45:05,17:24:36,On Time
1361,136,23-06-2025,22:07:16,8:21:47,Late
1362,136,21-06-2025,3:57:40,1:30:48,On Time
1363,136,30-06-2025,22:32:22,0:26:37,Late
1364,136,21-06-2025,13:03:25,11:13:04,Late
1370,137,06-07-2025,19:47:25,1:04:21,Late
1371,137,02-07-2025,17:01:16,3:56:02,Late
1372,137,16-07-2025,10:52:37,18:14:21,Late
1373,137,01-07-2025,6:00:53,1:09:15,On Time
1374,137,01-07-2025,6:07:24,11:43:45,On Time
1380,138,18-06-2025,3:57:44,1:37:50,On Time
1381,138,07-07-2025,4:39:19,7:25:43,On Time
1382,138,28-06-2025,12:14:44,11:49:06,Late
1383,138,08-07-2025,14:47:37,23:39:10,Late
1384,138,15-07-2025,18:35:18,7:35:46,Late
1390,139,02-07-2025,7:14:09,0:16:11,On Time
1391,139,03-07-2025,20:27:01,7:01:00,Late
1392,139,24-06-2025,11:33:34,1:20:11,Late
1393,139,23-06-2025,8:34:22,15:00:06,On Time
1394,139,12-07-2025,8:53:51,9:37:24,On Time
1400,140,26-06-2025,0:54:26,18:11:22,On Time
1401,140,17-07-2025,0:06:11,2:56:42,On Time
1402,140,23-06-2025,22:55:22,21:05:55,Late
1403,140,28-06-2025,4:20:33,11:48:19,On Time
1404,140,13-07-2025,19:01:10,16:09:21,Late
1410,141,18-06-2025,12:11:55,12:49:23,Late
1411,141,09-07-2025,22:25:48,19:40:23,Late
1412,141,25-06-2025,18:26:14,0:40:57,Late
1413,141,14-07-2025,0:32:10,5:28:15,On Time
1414,141,20-06-2025,5:09:27,12:37:33,On Time
1420,142,02-07-2025,4:45:46,5:32:13,On Time
1421,142,02-07-2025,6:15:26,21:29:00,On Time
1422,142,22-06-2025,14:11:20,13:47:49,Late
1423,142,27-06-2025,17:03:36,1:41:32,Late
1424,142,19-06-2025,14:14:26,18:24:56,Late
1430,143,19-06-2025,2:03:20,23:33:44,On Time
1431,143,30-06-2025,12:34:01,2:18:47,Late
1432,143,05-07-2025,0:39:02,16:09:53,On Time
1433,143,04-07-2025,10:18:58,2:53:07,Late
1434,143,09-07-2025,23:43:28,8:16:48,Late
1440,144,16-07-2025,21:19:00,15:37:53,Late
1441,144,18-06-2025,3:58:52,4:18:12,On Time
1442,144,15-07-2025,7:25:58,12:49:13,On Time
1443,144,26-06-2025,17:23:23,11:53:00,Late
1444,144,14-07-2025,20:16:17,10:27:42,Late
1450,145,05-07-2025,12:17:52,5:56:36,Late
1451,145,14-07-2025,11:23:51,21:11:45,Late
1452,145,28-06-2025,3:56:11,0:31:47,On Time
1453,145,13-07-2025,21:10:24,6:46:49,Late
1454,145,11-07-2025,13:27:12,15:26:44,Late
1460,146,25-06-2025,20:59:18,9:07:11,Late
1461,146,15-07-2025,8:41:15,21:55:33,On Time
1462,146,25-06-2025,17:07:14,5:28:35,Late
1463,146,07-07-2025,5:02:40,6:00:27,On Time
1464,146,27-06-2025,23:49:48,15:51:12,Late
1470,147,02-07-2025,2:41:48,11:06:18,On Time
1471,147,11-07-2025,14:15:30,20:34:04,Late
1472,147,03-07-2025,7:58:36,5:20:05,On Time
1473,147,20-06-2025,22:06:16,20:28:33,Late
1474,147,12-07-2025,1:07:09,23:48:39,On Time
1480,148,03-07-2025,16:48:27,22:42:24,Late
1481,148,05-07-2025,18:45:44,0:16:22,Late
1482,148,25-06-2025,5:54:04,20:09:11,On Time
1483,148,04-07-2025,9:36:23,6:28:50,Late
1484,148,09-07-2025,1:15:54,8:09:49,On Time
1490,149,12-07-2025,17:46:55,9:18:36,Late
1491,149,12-07-2025,5:38:24,1:26:50,On Time
1492,149,19-06-2025,16:15:49,22:29:41,Late
1493,149,17-07-2025,7:57:13,23:25:17,On Time
1494,149,17-07-2025,11:50:47,1:01:36,Late
1500,150,23-06-2025,7:15:07,22:18:36,On Time
1501,150,12-07-2025,0:11:45,15:37:54,On Time
1502,150,11-07-2025,12:03:30,12:50:06,Late
1503,150,01-07-2025,21:20:06,14:55:23,Late
1504,150,13-07-2025,8:03:46,4:13:48,On Time
1510,151,15-07-2025,19:23:06,12:20:34,Late
1511,151,11-07-2025,23:11:17,23:10:04,Late
1512,151,13-07-2025,13:24:43,1:15:29,Late
1513,151,20-06-2025,0:52:53,0:39:07,On Time
1514,151,27-06-2025,15:22:00,15:05:51,Late
1520,152,25-06-2025,17:46:03,12:40:35,Late
1521,152,10-07-2025,22:13:48,22:53:02,Late
1522,152,23-06-2025,9:38:35,14:21:02,Late
1523,152,28-06-2025,21:15:36,13:42:44,Late
1524,152,18-06-2025,1:49:13,13:11:33,On Time
1530,153,17-07-2025,0:38:37,21:26:17,On Time
1531,153,13-07-2025,5:25:53,16:54:05,On Time
1532,153,20-06-2025,1:38:17,2:29:01,On Time
1533,153,12-07-2025,9:34:37,15:18:52,Late
1534,153,09-07-2025,11:53:38,8:18:44,Late
1540,154,15-07-2025,15:44:55,9:39:55,Late
1541,154,16-07-2025,19:58:08,23:34:53,Late
1542,154,07-07-2025,15:53:49,13:48:17,Late
1543,154,30-06-2025,17:46:43,12:15:00,Late
1544,154,26-06-2025,20:14:40,20:58:58,Late
1550,155,04-07-2025,15:09:15,11:28:20,Late
1551,155,06-07-2025,18:30:30,2:14:23,Late
1552,155,14-07-2025,17:50:13,22:26:42,Late
1553,155,02-07-2025,15:09:54,21:34:45,Late
1554,155,11-07-2025,13:25:46,17:35:37,Late
1560,156,19-06-2025,4:15:47,21:16:30,On Time
1561,156,03-07-2025,3:41:55,5:39:20,On Time
1562,156,15-07-2025,23:48:48,7:50:57,Late
1563,156,10-07-2025,0:05:17,16:23:51,On Time
1564,156,04-07-2025,16:02:01,14:27:48,Late
1570,157,11-07-2025,17:09:34,0:27:36,Late
1571,157,26-06-2025,5:49:52,20:35:56,On Time
1572,157,24-06-2025,8:09:02,18:04:16,On Time
1573,157,29-06-2025,16:52:33,13:04:04,Late
1574,157,23-06-2025,23:18:21,3:45:39,Late
1580,158,23-06-2025,16:10:59,16:50:21,Late
1581,158,20-06-2025,15:45:59,6:26:25,Late
1582,158,12-07-2025,22:49:29,0:09:40,Late
1583,158,22-06-2025,8:10:33,6:48:46,On Time
1584,158,07-07-2025,20:38:34,22:14:57,Late
1590,159,18-06-2025,17:14:52,10:00:09,Late
1591,159,13-07-2025,1:32:43,11:02:14,On Time
1592,159,12-07-2025,8:49:33,1:36:40,On Time
1593,159,12-07-2025,4:36:15,22:22:48,On Time
1594,159,07-07-2025,13:30:09,16:41:10,Late
1600,160,29-06-2025,10:23:10,12:03:49,Late
1601,160,03-07-2025,23:19:16,16:14:16,Late
1602,160,12-07-2025,6:14:26,1:34:48,On Time
1603,160,01-07-2025,15:54:50,3:33:47,Late
1604,160,21-06-2025,23:05:16,21:39:01,Late
1610,161,16-07-2025,23:43:59,9:26:13,Late
1611,161,17-07-2025,7:17:00,2:52:35,On Time
1612,161,11-07-2025,20:26:46,0:33:01,Late
1613,161,14-07-2025,11:28:05,19:35:18,Late
1614,161,24-06-2025,17:59:20,2:53:26,Late
1620,162,02-07-2025,2:46:39,16:22:56,On Time
1621,162,18-06-2025,12:28:20,2:33:07,Late
1622,162,18-06-2025,4:28:37,2:57:53,On Time
1623,162,14-07-2025,5:49:38,23:28:20,On Time
1624,162,05-07-2025,8:10:37,11:29:28,On Time
1630,163,25-06-2025,15:18:20,4:49:01,Late
1631,163,03-07-2025,8:44:39,10:22:20,On Time
1632,163,27-06-2025,10:47:43,10:20:08,Late
1633,163,23-06-2025,13:02:03,22:24:12,Late
1634,163,15-07-2025,15:27:43,13:52:47,Late
1640,164,17-07-2025,12:31:15,1:43:00,Late
1641,164,15-07-2025,5:19:23,16:30:51,On Time
1642,164,13-07-2025,10:56:31,19:42:30,Late
1643,164,22-06-2025,14:17:54,17:49:23,Late
1644,164,21-06-2025,4:30:24,1:45:54,On Time
1650,165,21-06-2025,10:28:55,21:58:57,Late
1651,165,26-06-2025,7:47:45,15:44:44,On Time
1652,165,17-07-2025,19:38:30,21:02:45,Late
1653,165,28-06-2025,5:47:49,9:13:32,On Time
1654,165,15-07-2025,2:31:50,16:49:14,On Time
1660,166,04-07-2025,13:17:00,7:12:26,Late
1661,166,10-07-2025,21:08:07,10:56:27,Late
1662,166,30-06-2025,21:48:51,8:45:32,Late
1663,166,16-07-2025,21:40:13,9:32:41,Late
1664,166,30-06-2025,20:19:53,8:35:03,Late
1670,167,18-06-2025,10:55:19,20:58:30,Late
1671,167,02-07-2025,2:48:23,20:15:59,On Time
1672,167,02-07-2025,19:21:21,19:57:06,Late
1673,167,16-07-2025,6:40:00,1:17:57,On Time
1674,167,17-07-2025,22:05:38,7:57:23,Late
1680,168,19-06-2025,21:42:20,9:17:16,Late
1681,168,26-06-2025,18:15:15,18:13:48,Late
1682,168,19-06-2025,18:13:58,4:57:44,Late
1683,168,30-06-2025,13:53:56,8:24:35,Late
1684,168,18-06-2025,19:22:57,3:10:31,Late
1690,169,04-07-2025,18:48:24,2:12:31,Late
1691,169,17-07-2025,21:47:09,16:25:30,Late
1692,169,15-07-2025,13:21:26,9:51:05,Late
1693,169,22-06-2025,23:45:02,5:36:36,Late
1694,169,18-06-2025,16:31:33,1:22:54,Late
1700,170,06-07-2025,18:47:07,0:20:52,Late
1701,170,27-06-2025,5:17:02,16:17:53,On Time
1702,170,08-07-2025,14:56:51,17:11:56,Late
1703,170,25-06-2025,21:18:31,6:34:37,Late
1704,170,01-07-2025,9:08:24,19:53:59,On Time
1710,171,27-06-2025,7:54:34,2:57:25,On Time
1711,171,04-07-2025,14:45:35,20:28:41,Late
1712,171,27-06-2025,5:08:45,17:32:09,On Time
1713,171,26-06-2025,14:30:58,19:32:32,Late
1714,171,07-07-2025,23:57:45,3:10:27,Late
1720,172,21-06-2025,14:43:19,16:25:35,Late
1721,172,22-06-2025,16:20:13,0:11:28,Late
1722,172,23-06-2025,8:38:15,23:32:34,On Time
1723,172,12-07-2025,19:13:31,9:25:07,Late
1724,172,22-06-2025,12:11:31,0:13:55,Late
1730,173,20-06-2025,5:16:05,22:24:49,On Time
1731,173,19-06-2025,19:51:28,6:11:31,Late
1732,173,29-06-2025,10:46:30,11:21:32,Late
1733,173,25-06-2025,1:30:53,0:10:09,On Time
1734,173,25-06-2025,1:25:05,0:26:48,On Time
1740,174,28-06-2025,7:57:45,13:25:53,On Time
1741,174,26-06-2025,11:18:00,15:33:49,Late
1742,174,18-06-2025,11:35:22,14:34:23,Late
1743,174,10-07-2025,20:49:36,18:30:45,Late
1744,174,22-06-2025,1:32:58,4:17:42,On Time
1750,175,22-06-2025,16:23:59,2:06:21,Late
1751,175,20-06-2025,23:13:01,12:49:33,Late
1752,175,26-06-2025,21:41:09,3:20:11,Late
1753,175,23-06-2025,1:33:27,12:31:30,On Time
1754,175,23-06-2025,6:14:04,10:28:19,On Time
1760,176,05-07-2025,4:05:07,0:29:21,On Time
1761,176,21-06-2025,9:57:17,6:51:21,Late
1762,176,24-06-2025,7:28:22,8:05:53,On Time
1763,176,12-07-2025,17:44:42,7:34:43,Late
1764,176,01-07-2025,1:43:15,19:51:20,On Time
1770,177,10-07-2025,19:14:22,19:41:08,Late
1771,177,29-06-2025,16:20:43,21:19:08,Late
1772,177,15-07-2025,8:19:10,7:25:45,On Time
1773,177,04-07-2025,17:01:26,12:48:28,Late
1774,177,27-06-2025,11:29:21,2:55:47,Late
1780,178,26-06-2025,14:17:11,5:56:13,Late
1781,178,27-06-2025,20:10:48,22:04:19,Late
1782,178,23-06-2025,6:25:22,18:50:14,On Time
1783,178,27-06-2025,12:48:34,3:45:28,Late
1784,178,05-07-2025,13:46:43,2:50:48,Late
1790,179,27-06-2025,10:51:12,15:14:21,Late
1791,179,28-06-2025,14:13:15,22:01:42,Late
1792,179,14-07-2025,8:58:47,7:30:28,On Time
1793,179,05-07-2025,17:45:29,20:13:29,Late
1794,179,23-06-2025,10:18:38,11:31:03,Late
1800,180,19-06-2025,20:18:20,4:10:22,Late
1801,180,16-07-2025,18:53:02,19:54:42,Late
1802,180,25-06-2025,11:11:59,6:37:03,Late
1803,180,03-07-2025,13:57:34,2:05:21,Late
1804,180,03-07-2025,12:20:36,13:51:23,Late
1810,181,08-07-2025,17:42:55,2:20:24,Late
1811,181,20-06-2025,14:51:35,19:55:08,Late
1812,181,06-07-2025,16:20:20,16:53:29,Late
1813,181,26-06-2025,6:40:44,2:05:33,On Time
1814,181,10-07-2025,23:00:18,15:22:02,Late
1820,182,05-07-2025,1:01:28,22:26:57,On Time
1821,182,06-07-2025,5:19:10,6:23:19,On Time
1822,182,21-06-2025,8:11:14,13:48:39,On Time
1823,182,19-06-2025,3:17:10,19:55:47,On Time
1824,182,26-06-2025,6:00:27,11:38:03,On Time
1830,183,23-06-2025,21:21:56,6:05:12,Late
1831,183,27-06-2025,23:32:51,17:04:25,Late
1832,183,01-07-2025,18:43:35,7:27:21,Late
1833,183,04-07-2025,10:58:11,12:36:21,Late
1834,183,29-06-2025,20:11:16,0:23:10,Late
1840,184,30-06-2025,4:04:47,23:41:02,On Time
1841,184,09-07-2025,19:12:39,13:43:11,Late
1842,184,26-06-2025,6:12:29,6:38:15,On Time
1843,184,03-07-2025,13:44:30,22:48:15,Late
1844,184,21-06-2025,10:01:06,8:40:01,Late
1850,185,26-06-2025,16:08:36,12:15:03,Late
1851,185,14-07-2025,15:58:49,18:15:03,Late
1852,185,03-07-2025,22:33:55,4:05:41,Late
1853,185,18-06-2025,13:09:38,7:00:04,Late
1854,185,23-06-2025,15:11:21,13:35:33,Late
1860,186,21-06-2025,7:57:35,3:13:07,On Time
1861,186,04-07-2025,6:26:05,20:25:09,On Time
1862,186,16-07-2025,10:25:50,7:49:00,Late
1863,186,28-06-2025,15:45:22,8:45:54,Late
1864,186,03-07-2025,12:12:38,9:56:50,Late
1870,187,13-07-2025,10:32:12,23:43:19,Late
1871,187,19-06-2025,2:35:55,11:43:10,On Time
1872,187,14-07-2025,4:05:38,2:22:29,On Time
1873,187,30-06-2025,5:09:41,12:10:32,On Time
1874,187,12-07-2025,7:24:18,19:12:31,On Time
1880,188,11-07-2025,3:52:23,3:11:40,On Time
1881,188,14-07-2025,5:11:01,0:31:24,On Time
1882,188,01-07-2025,0:38:58,9:26:06,On Time
1883,188,18-06-2025,0:39:34,10:37:01,On Time
1884,188,04-07-2025,8:39:35,10:57:05,On Time
1890,189,21-06-2025,19:15:25,1:28:07,Late
1891,189,30-06-2025,18:12:12,13:29:41,Late
1892,189,02-07-2025,20:28:55,14:52:44,Late
1893,189,29-06-2025,1:38:46,3:25:26,On Time
1894,189,25-06-2025,23:44:14,20:13:14,Late
1900,190,04-07-2025,20:09:40,23:43:09,Late
1901,190,18-06-2025,15:21:58,1:29:55,Late
1902,190,22-06-2025,21:51:11,14:23:59,Late
1903,190,03-07-2025,21:22:51,13:45:19,Late
1904,190,02-07-2025,11:28:57,6:40:21,Late
1910,191,04-07-2025,14:15:32,18:25:05,Late
1911,191,11-07-2025,12:43:29,16:39:03,Late
1912,191,15-07-2025,1:00:56,6:04:45,On Time
1913,191,27-06-2025,2:43:28,11:42:09,On Time
1914,191,26-06-2025,6:28:22,8:55:44,On Time
1920,192,21-06-2025,6:53:48,9:46:10,On Time
1921,192,03-07-2025,5:45:57,14:12:22,On Time
1922,192,02-07-2025,11:30:29,19:50:56,Late
1923,192,19-06-2025,9:42:16,17:09:09,Late
1924,192,13-07-2025,10:15:42,12:36:07,Late
1930,193,24-06-2025,8:26:31,20:40:07,On Time
1931,193,11-07-2025,21:18:51,18:49:28,Late
1932,193,28-06-2025,4:52:31,2:55:52,On Time
1933,193,15-07-2025,9:30:16,6:22:24,Late
1934,193,29-06-2025,15:38:11,21:00:50,Late
1940,194,20-06-2025,21:03:43,22:10:58,Late
1941,194,01-07-2025,2:36:20,23:51:39,On Time
1942,194,19-06-2025,9:00:11,11:49:04,On Time
1943,194,12-07-2025,19:55:51,6:40:16,Late
1944,194,16-07-2025,4:13:08,13:59:11,On Time
1950,195,19-06-2025,23:21:45,13:12:02,Late
1951,195,02-07-2025,2:54:22,13:37:15,On Time
1952,195,30-06-2025,16:26:04,12:28:10,Late
1953,195,05-07-2025,5:47:27,23:38:50,On Time
1954,195,28-06-2025,4:03:27,17:26:42,On Time
1960,196,10-07-2025,18:52:35,4:18:41,Late
1961,196,18-06-2025,11:37:34,8:27:07,Late
1962,196,03-07-2025,2:57:48,20:40:14,On Time
1963,196,30-06-2025,20:36:11,0:52:37,Late
1964,196,07-07-2025,12:03:20,10:26:11,Late
1970,197,03-07-2025,6:06:59,17:32:58,On Time
1971,197,14-07-2025,9:18:15,17:36:46,Late
1972,197,30-06-2025,0:46:41,8:28:37,On Time
1973,197,25-06-2025,3:23:49,22:39:44,On Time
1974,197,20-06-2025,4:19:30,14:29:58,On Time
1980,198,27-06-2025,2:02:44,9:15:04,On Time
1981,198,17-07-2025,9:12:20,4:45:35,On Time
1982,198,30-06-2025,20:40:53,0:04:51,Late
1983,198,01-07-2025,0:19:50,10:55:58,On Time
1984,198,29-06-2025,16:30:52,16:45:09,Late
1990,199,15-07-2025,11:23:29,4:59:41,Late
1991,199,06-07-2025,8:01:01,7:06:59,On Time
1992,199,11-07-2025,23:24:50,22:36:54,Late
1993,199,16-07-2025,17:38:43,23:54:48,Late
1994,199,20-06-2025,5:59:20,20:28:04,On Time
2000,200,16-07-2025,5:16:25,11:52:50,On Time
2001,200,25-06-2025,10:50:08,2:59:13,Late
2002,200,25-06-2025,9:26:54,8:57:24,Late
2003,200,22-06-2025,6:04:01,17:18:31,On Time
2004,200,20-06-2025,21:10:23,1:06:09,Late
