emp_id,name,dept_id,role_id,join_date,contact
1,Jessica Jennings,1,2,13-01-2024,+1-095-839-0338x4918
2,Denise Chavez,4,1,18-03-2024,535-933-8768x857
3,Anthony Bradley,1,4,27-05-2024,029.675.9941x600
4,William Wiggins,4,3,08-09-2022,(833)306-8192x49568
5,Veronica Hill,3,4,08-06-2023,+1-825-454-4377x815
6,Kathy Reynolds DDS,2,3,24-05-2023,586-376-6547x860
7,Michael Robertson,3,1,25-12-2022,(284)087-1246
8,John Shea,5,1,17-04-2023,001-683-868-4161x01334
9,Patrick Miller,2,3,01-05-2023,584.744.0533
10,Sally Webb MD,1,1,06-09-2023,031-988-1575x83648
11,Jennifer Alvarez,5,5,18-06-2023,2621384204
12,Christopher Martinez,4,4,31-10-2022,001-866-700-9905x87936
13,Samantha Schroeder,4,3,25-08-2022,001-338-487-9638
14,Alexander Rangel,1,4,14-08-2022,001-309-839-9244x09527
15,Christina Hoffman,2,5,30-11-2022,413.665.4986
16,Ricardo Carter,4,1,18-11-2022,581.856.5546
17,Scott Mccoy,3,2,06-06-2024,(197)652-6138x64915
18,Patricia Mcbride,5,3,12-05-2023,(793)712-1514x347
19,Edward Williams,2,2,06-02-2024,4299640264
20,Joyce Cox,4,1,16-09-2023,278-413-1223
21,Carlos Cooper,3,4,29-01-2024,224034605
22,Amber Taylor,5,5,04-02-2024,(189)390-5690x64592
23,Lydia Taylor,3,3,08-06-2024,4241774181
24,Amanda Price,5,4,13-02-2023,-5551
25,Robert Cox,2,1,06-09-2022,(145)422-6902x2635
26,Anthony Barber,5,2,02-07-2024,497-956-9819
27,Teresa Smith,2,1,26-07-2023,(736)236-0947x792
28,Tyler Watson,3,3,22-06-2023,001-769-757-2322x67509
29,Donald Henderson,2,4,11-08-2022,(397)428-7623x884
30,Jennifer Evans,2,2,12-06-2023,132-952-2598
31,Gabriel Alvarez,4,4,22-11-2022,001-082-771-7394
32,James Johnson,5,2,06-12-2022,2791990674
33,Donna Bell,1,4,10-12-2022,543.457.6739x238
34,Raymond Sanders,2,3,01-09-2022,+1-053-327-3081x095
35,Megan Chan,3,2,19-04-2024,(207)532-2138
36,Tiffany Phillips,3,4,07-11-2023,142-100-0239
37,Brandy Cole,2,1,03-08-2023,791.991.3009x61208
38,Doris Snow,3,5,20-02-2024,147.148.6526
39,Christopher Moody,1,4,22-03-2023,873.420.7168x409
40,Duane Sanchez,2,1,03-01-2023,4002668480
41,Allison Washington,5,3,09-10-2022,798-249-7432x2303
42,Christopher Roach,2,2,08-06-2024,8023022007
43,Audrey White,5,5,14-09-2022,372.817.4468x1025
44,Edward Wilkinson,4,2,18-07-2023,(511)498-5589x253
45,Emily Jimenez,2,5,16-06-2024,9443372871
46,Scott Hart,3,1,12-01-2024,(666)829-5963
47,Brent Park,4,2,16-12-2022,820-806-5921x2447
48,Jody Cox,2,2,25-04-2023,487.827.7788x22201
49,Travis Oliver,2,5,11-08-2022,258-772-7591x90764
50,Daniel Collins,1,3,18-12-2023,(285)075-6043
51,Pamela Dalton,5,4,01-11-2023,001-899-247-9891x5670
52,Kimberly Key,1,2,21-08-2023,-5185
53,Nicholas Hill,2,2,23-04-2023,861-633-1308x94915
54,Mary Gutierrez,4,4,13-07-2023,089.458.2004
55,Mark Yoder,3,1,15-10-2022,830.168.2886x89676
56,Linda Cain,1,1,08-02-2023,(872)532-7666
57,Kenneth Baker,4,2,18-09-2023,001-355-586-7883x20350
58,Jason Craig,5,4,17-09-2022,145.810.7264x476
59,Anthony Fisher,4,1,14-03-2023,(264)198-6499x97573
60,Edward Moran,4,4,27-05-2023,(983)881-5478x453
61,Jodi Davis,5,4,07-12-2022,009-269-1212x36094
62,Adam Kent,4,2,13-07-2023,491-445-7819x6730
63,Lisa Richards,1,5,08-07-2024,015-870-6614
64,Billy Jordan,1,5,31-03-2023,(023)351-8356x108
65,Robert Mitchell,3,5,05-05-2023,5295000389
66,Mr. John Johnson Jr.,3,4,26-12-2022,073-460-7713x871
67,Susan Cortez,1,3,14-04-2024,(256)063-7672
68,Taylor Ford,5,4,25-02-2024,999-085-6813x9638
69,Kristin Ross,4,3,20-08-2022,345-718-7233
70,Mr. Zachary Smith,1,4,11-12-2023,+1-928-198-6775x06320
71,Robin Ross,4,1,22-07-2023,+1-054-041-0616x269
72,Scott Ayala,3,1,21-02-2023,562-688-9194x493
73,Joan Noble,1,1,10-07-2024,954.010.6853
74,Angela Johnson,4,5,06-10-2022,629.199.0134x0527
75,Danielle Cummings,2,4,08-08-2022,5630252037
76,John Porter,5,4,05-10-2023,009.016.2085x021
77,Amanda Velasquez,3,2,08-10-2023,(613)163-8045x17363
78,Benjamin Chase,1,4,15-06-2024,001-625-277-2398x8515
79,Cassandra Jones,1,4,29-08-2022,(872)910-8957
80,Nicholas Perkins,2,5,19-09-2023,001-528-704-0827
81,Anthony Lloyd,1,1,26-09-2022,8333695926
82,Katherine Ruiz,5,4,29-10-2022,(894)657-6021
83,Brian Welch,2,5,06-08-2022,001-559-229-0466x97223
84,Elizabeth Lewis,4,1,27-04-2024,-7436
85,Tiffany Johnson,3,3,29-12-2022,(267)112-8284
86,Michael Woods,3,3,09-04-2023,+1-684-517-9660x185
87,Maria Rodriguez,4,2,15-02-2024,(351)121-6787
88,Gregory Butler,2,2,22-04-2023,3285191263
89,Stephanie Thomas,4,2,02-06-2024,584.044.7837x703
90,Gail Clark,2,5,24-05-2024,(627)562-8257x7138
91,David Lopez,5,2,10-07-2024,070.817.8031x18654
92,Christopher Cohen,3,2,03-05-2023,5199575246
93,Thomas Garcia,2,2,08-06-2024,(670)463-9006x82526
94,Morgan Warner,4,1,19-03-2024,576-946-7454x55410
95,Maria Dawson,4,2,28-08-2023,243.281.1388x681
96,Linda Newman,5,4,14-01-2023,+1-726-679-5844x1671
97,Erin Nielsen,5,2,03-02-2024,4562672421
98,Julie Henry,5,2,08-10-2022,+1-301-113-9314x398
99,Cassandra Miller,1,1,14-08-2023,723-419-0043x122
100,Leslie Murphy,5,1,28-04-2024,(995)164-9576x939
101,Thomas Hahn,4,3,14-05-2024,071-538-7899
102,Michelle Murphy,5,3,24-04-2024,435.613.6203x3034
103,Eric Collins,1,5,24-07-2022,001-968-006-1484x36806
104,Jill Powers,3,4,22-10-2022,667.222.7794
105,Jay Cardenas,5,4,13-07-2023,-6124
106,Nicholas Robbins,5,5,16-01-2023,967-489-5013
107,Michael Davies,1,4,25-01-2024,001-416-149-1774x677
108,Alison Olson,4,2,05-08-2022,+1-988-655-3672x3780
109,Amanda Alvarez,4,1,03-06-2024,845-010-2682
110,Bryan Martinez,2,4,25-03-2024,(088)284-0484
111,Christian Fox,3,3,21-04-2023,+1-170-653-8821x764
112,Emily Obrien,5,5,27-05-2023,934.267.9574
113,Arthur Schultz,2,2,11-04-2024,(665)807-5831x6570
114,Allison Miranda,3,2,14-11-2023,163.614.3687x48811
115,Christine Ortiz,1,1,09-01-2023,+1-212-033-3489x8289
116,David Spencer,5,3,26-01-2023,+1-291-705-0961x895
117,Michael Jackson,2,3,10-04-2023,001-832-874-7618x14260
118,Michael Wilson,4,1,05-02-2024,001-292-322-4572x629
119,Susan Long,1,2,22-07-2022,019.234.1958
120,Gerald Hahn,5,2,03-04-2023,190-501-2910
121,Brian Nielsen,2,4,04-11-2022,215.005.1393x22463
122,Jane Robinson,3,5,21-11-2023,001-967-352-4862x274
123,Nathan Forbes,4,4,19-09-2023,500-483-0393x4142
124,Jeremy Fry,4,2,25-07-2023,(541)533-0218x57226
125,Renee Perry,5,4,14-10-2022,678-393-5435x6142
126,Michael Chavez,5,3,07-08-2022,001-342-382-6125x8080
127,Mary Carter,4,2,17-07-2023,+1-224-361-6854x9825
128,Kristin Carter,3,4,23-09-2022,440-406-3949x9123
129,Jessica Fletcher,3,4,24-01-2023,001-933-508-4685x511
130,Ashley Neal,3,5,02-03-2023,535.184.6936
131,Louis Bush,1,3,15-01-2024,761-356-9114
132,Phyllis Petersen,1,1,28-07-2023,491.647.6387
133,Daniel Sanford,1,1,29-07-2023,280-569-6456
134,Daniel Palmer,2,2,12-05-2024,001-154-258-4747x668
135,Jason Perez,3,5,24-04-2023,7004687232
136,Sherri Cruz,4,3,06-03-2023,+1-361-726-3527x933
137,Jessica Lamb MD,4,1,25-10-2022,106-814-7519x272
138,Ann Strickland,5,5,21-06-2024,(584)645-7873x123
139,Calvin Wilson,1,4,16-06-2023,724.726.1736
140,Melissa Armstrong,4,5,05-09-2022,012-427-3756
141,Eddie Campbell,3,5,29-10-2023,(197)670-8121x755
142,Benjamin Caldwell,2,2,08-12-2023,+1-238-188-0087x379
143,Christine Elliott,1,2,20-08-2023,001-273-689-1490
144,Alex House,4,3,09-04-2024,-4904
145,Brandon Chapman,4,2,19-12-2022,9530666706
146,Joshua Jensen,5,4,03-01-2024,163-381-7602
147,Gabrielle Simmons,4,3,04-01-2024,+1-409-052-0543x964
148,Cynthia Simmons,3,2,06-07-2024,001-581-549-1260x876
149,Jeffery Swanson,1,1,16-01-2023,997-415-7952x59344
150,Courtney Hickman,2,3,01-09-2022,797.229.9750x07456
151,Patrick Robertson,4,1,13-12-2022,001-732-161-6526
152,Michele Stark,4,1,15-08-2022,-5338
153,Charles Johnson,1,5,22-01-2024,+1-377-341-2731x9330
154,Steven Elliott,4,4,27-03-2023,062-044-5523x3336
155,Joseph Evans,3,4,13-11-2022,001-957-784-8851x412
156,Karen Elliott,4,4,14-12-2023,(150)421-3208x0594
157,Debra Smith,4,5,28-01-2024,704-153-0677x66461
158,Brandon Shelton,3,3,26-07-2022,378.013.4423x9287
159,Patrick Moore,5,2,16-12-2023,-6413
160,Brian Perry,2,3,16-01-2023,086-448-5280x888
161,Kayla Yoder,3,3,08-09-2023,776-614-5469x09538
162,Calvin West,4,5,16-12-2023,199.136.6143x33806
163,George King,1,4,04-11-2023,356903651
164,James Gonzalez,4,2,07-04-2024,421-268-1459
165,Nancy Schmidt,4,2,11-11-2022,+1-513-586-7550x094
166,Amber Perry,1,3,15-01-2023,2676215681
167,Christopher Adkins,5,4,08-04-2023,342-898-5548x5926
168,Joe Bailey,1,3,03-01-2024,065-447-0882
169,Samantha Miller,2,4,22-03-2024,001-559-694-3328
170,Angela Simpson,4,5,15-09-2022,331-169-9259
171,Catherine Kelly,5,2,18-09-2022,6262932208
172,Gabrielle Wood,3,5,07-09-2023,300-457-1832x95355
173,Christina Myers,5,5,06-07-2023,376-553-1236x1784
174,Lori Peterson,1,4,14-01-2023,(913)095-3736
175,Michelle Chavez,2,4,08-03-2024,(151)986-3845x0285
176,Alexandria May,1,5,18-09-2022,001-330-585-2858x0387
177,Annette Ruiz,4,1,22-01-2024,981-303-8487x7964
178,Ariana Williams,2,4,09-02-2024,336.264.5164x8145
179,Justin Case,2,4,27-07-2023,453-359-0360x842
180,Thomas Moore,2,5,29-06-2023,331.764.4544x122
181,Jennifer Smith,5,5,31-05-2023,7730826826
182,Amy Ward,5,1,17-05-2023,001-546-123-1454x8096
183,Jeffrey Powers,3,2,06-01-2024,001-502-573-2800x51098
184,Tanya Contreras,3,3,21-11-2022,751-166-9381x2454
185,Jeanne Kelley,3,1,31-05-2023,001-723-417-5842x494
186,April Warner,1,5,14-07-2024,+1-972-738-8551x266
187,Anthony Hill,4,3,22-04-2024,859-987-9867x75716
188,Tiffany Brown,2,1,07-10-2023,001-172-271-7254x9572
189,Rachel Shaw,4,3,19-09-2023,001-951-953-5937
190,Stephanie Johnston,5,4,08-07-2024,319.549.9098
191,Dawn Bradford,2,2,22-09-2023,009.817.0044
192,Matthew Walker,3,5,09-07-2023,615-189-1585x4842
193,Andrea Dodson,1,2,06-06-2024,026.585.1180x78508
194,Kimberly Cox,4,2,23-09-2023,(932)894-3185x76090
195,Angela Sanchez,3,5,26-06-2023,+1-869-604-6340x9938
196,Steven Becker,4,1,08-12-2022,+1-529-614-9713x26787
197,James Wiggins,3,4,07-06-2024,207-564-9448x83056
198,Mackenzie Krueger,1,5,02-05-2023,001-736-500-3976
199,Taylor Scott,2,4,07-02-2024,462-761-0205
200,James Munoz,4,4,31-07-2022,+1-790-294-6432x184
